EpId,ClipId,Output
10,0,8
10,1,8
10,2,8
10,3,8
10,4,5
10,5,8
10,6,8
10,7,8
10,8,8
10,9,8
10,10,8
10,11,8
10,12,8
10,13,8
10,14,8
10,15,8
10,16,8
10,17,7
10,17,8
10,18,8
10,19,7
10,19,8
10,20,8
10,21,8
10,22,8
10,23,8
10,24,8
10,25,8
10,26,8
10,27,8
10,28,3
10,28,4
10,28,8
10,29,8
10,30,8
10,31,8
10,32,8
10,33,8
10,34,8
10,35,8
10,36,8
10,37,8
10,38,3
10,39,8
10,40,7
10,40,8
10,41,7
10,41,8
10,42,8
10,43,8
10,44,8
10,45,8
10,46,8
10,47,8
10,48,8
10,49,7
10,49,8
10,50,7
10,50,8
10,51,8
10,52,8
10,53,8
10,54,8
10,55,8
10,56,8
10,57,8
10,58,8
10,59,8
10,60,8
10,61,8
10,62,8
10,63,8
10,64,8
10,65,8
10,66,8
10,67,8
10,68,8
10,69,8
10,70,8
10,71,8
10,72,8
10,73,8
10,74,8
10,75,3
10,76,8
10,77,8
10,78,7
10,79,5
10,79,7
10,80,8
10,81,8
10,82,5
10,83,8
10,84,8
10,85,8
10,86,7
10,86,8
10,87,8
10,88,8
10,89,8
10,90,8
10,91,8
10,92,8
10,93,8
10,94,8
10,95,8
10,96,8
10,97,5
10,98,8
10,99,8
16,0,8
16,1,8
16,2,8
16,3,8
16,4,8
16,5,0
16,5,2
16,5,3
16,5,8
16,5,9
16,6,3
16,6,4
16,6,7
16,6,8
16,7,8
16,8,7
16,8,8
16,9,8
16,10,8
16,11,8
16,12,3
16,12,4
16,12,5
16,12,9
16,13,2
16,14,8
16,15,8
16,16,8
16,17,3
16,18,8
16,19,8
16,20,3
16,20,4
16,20,7
16,20,8
16,21,8
16,22,2
16,23,8
16,24,7
16,24,8
16,25,7
16,25,8
16,26,4
16,27,4
16,28,8
16,29,7
16,29,8
16,30,7
16,30,8
16,31,7
16,32,3
16,32,4
16,33,4
16,33,5
16,34,8
16,35,7
16,35,8
16,36,7
16,37,8
16,38,2
16,38,3
16,38,4
16,38,5
16,39,3
16,39,4
16,40,3
16,41,8
16,42,8
16,43,8
16,44,4
16,44,5
16,44,7
16,44,8
16,44,9
16,45,8
16,46,3
16,46,4
16,46,5
16,46,7
16,47,8
16,48,3
16,48,4
16,48,8
16,48,9
16,49,8
16,50,8
16,51,8
16,52,7
16,52,8
16,53,8
16,54,5
16,55,8
16,56,8
16,57,7
16,58,8
16,59,2
16,59,7
16,60,7
16,60,8
16,61,4
16,62,8
16,63,8
16,64,8
16,65,8
16,66,3
16,66,4
16,66,8
16,67,3
16,68,8
16,69,7
16,69,8
16,70,7
16,70,8
16,71,2
16,72,7
16,72,8
16,73,7
16,74,7
16,74,8
16,75,5
16,76,7
16,76,8
16,77,7
16,77,8
16,78,8
16,79,8
16,80,7
16,81,8
16,82,8
16,83,8
16,84,8
16,85,8
16,86,3
16,87,7
16,88,8
16,89,7
16,90,8
16,91,8
16,92,8
16,93,5
16,94,2
16,95,7
16,95,8
16,96,8
16,97,8
16,98,5
16,99,8
16,100,7
16,101,8
16,102,3
16,102,4
16,102,8
16,103,3
16,103,4
16,104,8
16,105,3
16,106,7
16,107,0
16,107,2
16,107,3
16,107,6
16,107,8
16,108,8
16,109,3
16,110,8
16,111,8
16,112,2
16,113,7
16,113,8
16,114,7
16,114,8
17,0,8
17,1,8
17,2,4
17,3,8
17,4,7
17,5,7
17,5,8
17,6,7
17,6,8
17,7,8
17,8,8
17,9,8
17,10,2
17,10,7
17,11,8
17,12,8
17,13,8
17,14,7
17,14,8
17,15,5
17,15,7
17,16,7
17,16,8
17,17,3
17,17,4
17,17,7
17,17,8
17,18,7
17,19,7
17,20,8
17,21,8
17,22,2
17,22,3
17,22,8
17,23,7
17,24,8
17,25,7
17,25,8
17,26,8
17,27,7
17,28,3
17,29,7
17,29,8
17,30,7
17,30,8
17,31,8
17,32,8
17,33,8
17,34,5
17,35,3
17,35,4
17,35,8
17,36,8
17,37,8
17,38,4
17,39,8
17,40,8
17,41,8
17,42,3
17,43,3
17,43,4
17,43,8
17,44,3
17,44,4
17,44,8
17,45,7
17,45,8
17,46,8
17,47,7
17,48,8
17,49,8
17,50,8
17,51,7
17,51,8
17,52,3
17,53,8
17,54,8
17,55,8
17,56,4
17,57,8
17,58,8
17,59,8
17,60,7
17,61,4
17,61,5
17,61,8
17,62,8
17,63,7
17,63,8
17,64,7
17,64,8
17,65,5
19,0,7
19,1,5
19,2,8
19,3,7
19,4,7
19,4,8
19,5,7
19,5,8
19,6,8
19,7,7
19,8,7
19,8,8
19,9,8
19,10,8
19,11,7
19,11,8
19,12,3
19,12,5
19,12,7
19,12,8
19,13,8
19,14,8
19,15,2
19,16,8
19,17,3
19,18,8
19,19,8
19,20,8
19,21,8
19,21,9
19,22,8
19,23,3
19,23,4
19,23,7
19,24,8
19,25,3
19,25,7
19,26,8
19,27,3
19,28,8
19,29,5
19,30,7
19,30,8
19,31,8
19,32,7
19,33,3
19,34,8
19,35,3
19,35,5
19,35,8
19,36,8
19,36,9
19,37,8
19,38,8
19,39,8
19,40,8
19,41,5
19,42,8
19,43,3
19,43,4
19,43,8
19,44,8
19,45,8
19,46,8
19,47,2
19,47,4
19,47,8
19,47,9
19,48,8
19,49,7
19,50,8
19,51,3
19,51,4
19,51,8
19,52,7
19,53,0
19,53,3
19,53,4
19,53,5
19,53,6
19,53,9
19,54,8
19,55,5
19,56,4
19,57,5
19,58,7
19,59,8
19,60,8
19,61,7
19,62,7
19,62,8
19,63,8
19,64,7
19,64,8
19,65,7
19,66,3
19,67,3
19,67,4
19,68,2
19,69,3
19,69,4
19,69,8
19,70,5
19,71,4
19,72,5
19,73,2
19,73,4
19,73,5
19,73,8
19,73,9
19,74,4
19,75,7
19,76,3
19,77,8
19,78,7
19,78,8
19,79,7
19,80,8
19,81,2
19,82,5
19,82,7
19,83,8
19,84,8
19,85,5
19,86,7
19,86,8
19,87,2
19,87,5
19,87,8
19,88,7
19,88,9
24,0,8
24,1,3
24,1,4
24,1,5
24,1,7
24,2,8
24,3,8
24,4,8
24,5,8
24,6,8
24,7,8
24,8,8
24,9,8
24,10,2
24,11,4
24,12,7
24,12,8
24,13,8
24,14,2
24,15,8
24,16,8
24,17,8
24,18,8
24,19,8
24,20,8
24,21,8
24,22,7
24,22,8
24,23,8
24,24,7
24,24,8
24,25,8
24,25,9
24,26,8
24,27,5
24,28,8
24,29,8
24,30,7
24,31,7
24,31,8
24,32,2
24,33,8
24,34,2
24,34,3
24,34,8
24,35,8
24,36,8
24,37,5
24,38,2
24,38,3
24,38,8
24,38,9
24,39,2
24,39,7
24,40,7
24,41,8
24,42,7
24,42,8
24,43,7
24,43,8
24,44,8
24,45,8
24,46,7
24,46,8
24,47,8
24,48,2
24,49,2
24,49,7
24,50,8
24,51,7
24,51,8
24,52,7
24,52,8
24,53,8
24,54,3
24,54,4
24,54,5
24,54,6
24,54,7
24,54,8
24,54,9
24,55,2
24,56,4
24,57,7
24,57,8
24,58,3
24,59,7
24,60,8
24,61,7
24,62,8
24,63,8
24,64,8
24,65,7
24,65,8
24,66,2
24,67,8
24,68,2
24,69,7
24,69,8
24,70,3
24,71,4
24,71,5
24,72,7
24,72,8
24,73,8
24,74,8
24,75,8
24,76,2
24,77,5
24,78,8
24,79,8
24,80,8
24,81,8
24,82,8
24,83,5
24,84,5
24,85,8
24,86,7
24,86,8
24,87,8
24,88,4
24,89,8
24,90,8
24,91,8
24,92,8
24,93,2
24,94,8
24,95,7
24,96,8
24,97,7
24,97,8
24,98,5
24,99,7
24,99,8
24,100,7
24,101,8
24,102,8
24,103,5
24,104,8
24,105,8
24,106,8
24,107,3
24,108,2
24,109,8
24,110,8
24,111,8
24,112,8
24,113,8
24,114,8
24,115,8
24,116,8
24,117,8
24,118,8
24,119,2
24,120,8
24,121,8
24,122,7
24,122,8
24,123,8
24,124,8
24,125,8
24,126,5
24,127,8
24,128,7
24,128,8
24,129,7
24,129,8
24,130,2
24,131,8
24,132,4
24,132,7
24,133,8
24,134,8
24,135,8
24,136,8
24,137,5
24,138,8
24,139,3
24,139,4
24,139,8
24,140,8
24,141,8
24,142,8
24,143,8
24,144,8
24,145,8
24,146,8
24,147,8
24,148,8
24,149,7
24,150,8
24,151,8
24,152,2
24,152,4
24,152,8
24,153,8
24,154,8
24,155,7
24,155,8
24,156,7
24,157,7
24,157,8
24,158,3
24,158,4
24,158,5
24,158,8
24,158,9
24,159,5
24,160,8
24,161,5
24,162,8
24,163,8
24,164,3
24,165,7
24,166,8
24,167,8
24,168,8
24,169,5
24,169,7
24,170,7
24,170,8
24,171,8
24,172,8
24,173,4
24,174,2
24,175,8
24,176,2
24,177,8
24,178,7
24,179,8
24,180,0
24,180,3
24,180,4
24,180,5
24,180,6
24,181,8
24,182,7
24,183,8
24,184,3
24,184,4
24,184,8
24,185,8
24,186,7
24,187,7
24,187,8
24,188,8
24,189,7
24,189,8
24,190,7
24,191,7
24,191,8
24,192,8
24,193,5
24,194,4
24,195,4
24,196,2
46,0,8
46,1,7
46,1,8
46,2,8
46,3,8
46,4,8
46,5,2
46,5,7
46,6,8
46,7,8
46,8,2
46,8,3
46,8,4
46,9,3
46,10,8
46,11,4
46,12,8
46,13,8
46,14,8
46,15,8
46,16,3
46,17,8
46,18,3
46,19,8
46,20,8
46,21,3
46,21,4
46,22,7
46,22,8
46,23,8
46,24,8
46,25,3
46,26,2
46,26,3
46,26,4
46,26,7
46,26,9
46,27,7
46,27,8
46,28,8
46,29,2
46,30,7
46,30,8
46,31,5
46,31,7
46,32,4
46,33,2
46,34,8
46,35,8
46,36,8
46,37,8
46,38,8
46,39,8
46,40,8
46,41,8
46,42,8
46,43,2
46,44,8
46,45,8
46,46,3
46,47,5
46,48,8
46,49,8
46,50,8
46,51,2
46,51,3
46,51,8
46,52,2
46,53,7
46,54,8
46,55,8
46,56,8
46,57,4
46,57,5
46,57,8
46,58,4
46,58,7
46,59,8
46,60,2
46,61,8
46,62,8
46,63,8
46,64,8
46,65,8
46,66,8
46,67,8
46,68,8
46,69,2
46,70,2
46,71,2
46,72,3
46,73,8
46,74,4
46,75,3
46,76,7
46,77,8
46,78,8
46,79,6
46,80,3
46,81,3
46,81,5
46,81,8
46,81,9
46,82,8
46,83,5
46,84,8
46,85,8
46,86,8
46,87,8
46,88,3
46,89,8
46,90,8
46,91,8
46,92,8
46,93,8
46,94,3
46,94,4
46,95,5
46,96,8
46,97,8
46,98,8
46,99,2
46,99,3
46,99,8
46,100,8
46,101,8
46,102,2
46,103,4
46,104,8
46,105,8
46,106,2
46,106,3
46,107,4
46,108,2
46,109,8
46,110,3
46,110,4
46,111,8
46,112,8
46,113,5
46,114,3
46,115,8
46,116,7
46,117,8
46,118,8
46,119,8
46,120,8
46,121,8
46,122,8
46,123,8
46,124,3
46,124,4
46,125,8
46,126,3
46,126,5
46,126,8
63,0,8
63,1,2
63,1,4
63,1,5
63,1,8
63,2,4
63,3,8
63,4,8
63,5,8
63,6,3
63,7,8
63,8,8
63,9,8
63,10,7
63,10,8
63,11,0
63,11,3
63,11,4
63,11,5
63,11,6
63,12,8
63,13,6
63,14,0
63,14,5
63,14,6
63,14,8
63,15,7
63,15,8
63,16,8
63,17,8
63,18,7
63,19,7
63,19,8
63,20,7
63,20,8
63,21,7
63,21,8
63,22,7
63,23,8
63,24,8
63,25,8
63,26,8
63,27,5
63,28,8
63,29,7
63,30,8
63,31,8
63,32,8
63,33,8
63,34,8
63,35,8
63,36,8
63,37,8
63,38,5
63,39,8
63,40,8
63,41,8
63,42,3
63,43,8
63,44,5
63,44,7
63,45,3
63,46,8
63,47,5
63,48,8
63,49,8
63,50,8
63,51,8
63,52,8
63,53,8
63,54,8
63,55,8
63,56,8
63,57,7
63,57,8
63,58,8
63,59,7
63,59,8
63,60,8
63,61,7
63,61,8
63,62,5
63,62,7
63,63,8
63,64,8
63,65,8
63,66,5
63,67,8
63,68,8
63,69,8
63,70,5
63,71,5
63,72,8
63,73,3
63,73,4
63,73,6
63,73,8
63,74,8
63,75,7
63,76,5
63,77,8
63,78,8
63,79,8
63,80,8
63,81,8
63,82,8
63,83,8
63,84,8
63,85,8
63,86,8
63,87,8
63,88,8
63,89,8
63,90,8
63,91,8
63,92,0
63,93,8
63,94,8
63,95,8
63,96,8
63,97,8
63,98,8
63,99,8
63,100,4
63,101,8
63,102,8
63,103,8
63,104,7
63,104,8
63,105,8
63,106,8
63,107,8
63,108,4
63,109,7
63,109,8
63,110,2
63,110,3
63,110,4
63,110,9
63,111,6
63,111,8
63,112,0
63,112,3
63,112,5
63,112,8
63,113,8
63,114,8
63,115,0
63,115,3
63,115,6
63,115,8
63,116,8
63,117,8
63,118,3
63,118,7
63,119,7
63,120,7
63,121,8
63,122,8
63,123,7
63,124,8
63,125,3
63,126,8
63,127,5
63,128,5
63,128,7
63,129,2
63,130,5
63,130,7
63,131,8
63,132,4
63,132,7
63,133,7
63,134,8
63,135,6
63,135,8
63,136,2
63,136,4
63,136,5
63,136,7
63,137,3
63,137,4
63,137,5
63,137,7
63,138,2
63,138,7
63,139,5
63,140,7
63,141,5
63,142,5
63,142,7
63,143,8
63,144,5
63,145,8
63,146,8
63,147,8
63,148,8
63,149,8
63,150,8
63,151,8
63,152,8
63,153,7
63,154,7
63,155,5
63,156,5
63,157,8
63,158,2
63,158,3
63,158,4
63,159,2
63,159,3
63,159,4
63,160,5
63,161,8
63,162,8
63,163,3
63,163,5
63,163,7
63,163,8
63,164,8
63,165,8
63,166,8
63,167,5
63,168,7
63,168,8
63,169,8
63,170,8
63,171,8
63,172,3
63,172,4
63,172,8
63,173,8
63,174,8
71,0,8
71,1,4
71,2,6
71,3,8
71,4,3
71,4,7
71,5,4
71,6,2
71,7,4
71,8,8
71,9,8
71,10,8
71,11,8
71,12,8
71,13,2
71,14,8
71,15,8
71,16,6
71,16,8
71,17,2
71,18,2
71,19,2
71,20,4
71,21,3
71,22,8
71,23,4
71,24,2
71,25,5
71,26,3
71,27,4
71,27,7
71,28,4
71,29,2
71,30,5
71,30,7
71,31,4
71,31,7
71,32,8
71,33,4
71,33,5
71,34,0
71,34,6
71,35,8
71,36,8
71,37,8
71,38,8
71,39,7
71,39,8
71,40,6
71,41,3
71,41,4
71,41,5
71,41,6
71,42,4
71,42,6
71,43,4
71,43,7
71,44,2
71,45,5
71,46,3
71,47,4
71,48,6
71,49,5
71,49,6
71,50,2
71,50,7
71,51,6
71,52,5
71,53,4
71,54,7
71,54,8
71,55,7
71,55,8
71,56,3
71,57,3
71,58,5
71,58,6
71,58,7
71,59,6
71,60,2
71,60,6
71,61,4
71,62,4
71,63,8
71,64,4
71,65,3
71,66,3
71,67,8
71,68,8
71,69,3
71,69,6
71,70,2
71,71,5
71,72,4
71,73,3
71,73,6
71,74,5
71,74,6
71,75,0
71,76,2
71,77,2
71,78,2
71,78,3
71,78,6
71,78,7
71,78,8
71,79,4
71,80,3
71,80,6
71,81,4
71,82,2
71,82,6
71,83,4
71,84,8
71,85,8
71,86,6
71,87,5
71,88,3
71,88,6
71,89,8
71,90,6
71,91,8
71,92,8
71,93,8
71,94,8
71,95,3
71,96,4
71,97,4
71,98,3
71,99,3
71,99,6
71,99,7
71,100,3
71,101,8
71,102,8
71,103,2
71,104,4
71,105,4
71,106,3
71,106,4
71,106,6
71,107,4
71,108,2
71,108,3
71,108,4
71,109,2
71,110,6
71,111,3
71,111,4
71,111,5
71,111,6
71,111,7
71,112,3
71,112,4
71,113,5
71,114,6
71,114,8
71,115,8
71,116,8
71,117,8
71,118,6
71,119,4
71,119,5
71,120,4
71,120,6
76,0,4
76,1,5
76,2,7
76,3,8
76,4,3
76,4,4
76,5,6
76,5,8
76,6,3
76,7,5
76,8,3
76,9,2
76,10,2
76,11,8
76,12,7
76,12,8
76,13,7
76,13,8
76,14,3
76,15,3
76,15,6
76,16,3
76,16,4
76,17,5
76,18,7
76,19,2
76,19,3
76,19,4
76,19,8
76,20,2
76,21,3
76,22,4
76,22,6
76,23,8
76,24,8
76,25,3
76,25,4
76,26,3
76,26,4
76,27,7
76,28,2
76,29,7
76,30,8
76,31,8
76,32,8
76,33,7
76,34,8
76,35,2
76,36,4
76,36,6
76,37,3
76,38,2
76,39,2
76,40,2
76,41,3
76,42,3
76,42,5
76,42,7
76,43,3
76,44,4
76,44,7
76,45,4
76,46,8
76,47,8
76,48,3
76,48,4
76,49,3
76,50,3
76,50,4
76,51,8
76,52,6
76,53,7
76,54,7
76,54,8
76,55,2
76,55,3
76,55,7
76,56,7
76,56,8
76,57,7
76,57,8
76,58,4
76,58,5
76,58,6
76,59,0
76,60,0
76,60,3
76,60,4
76,60,5
76,60,6
76,60,8
76,61,2
76,61,3
76,61,4
76,61,6
76,62,8
76,63,8
76,64,7
76,64,8
76,65,6
76,65,8
76,66,5
76,67,8
76,68,3
76,68,5
76,69,6
76,70,6
76,71,2
76,72,2
76,72,7
76,73,4
76,74,6
76,75,7
76,76,8
76,77,0
76,77,6
76,78,4
76,79,8
76,80,3
76,81,4
76,82,7
76,83,3
76,84,0
76,85,8
76,86,8
76,87,8
76,88,8
76,89,2
76,89,3
76,90,8
76,91,8
76,92,8
76,93,2
76,93,7
76,94,7
76,95,4
81,0,8
81,1,2
81,1,3
81,1,4
81,1,8
81,1,9
81,2,7
81,3,3
81,4,7
81,5,2
81,5,3
81,5,8
81,6,0
81,6,6
81,6,7
81,7,5
81,8,5
81,9,4
81,10,8
81,11,8
81,12,7
81,13,4
81,14,4
81,14,7
81,15,3
81,16,5
81,17,5
81,18,4
81,19,7
81,20,3
81,20,4
81,20,8
81,21,4
81,22,7
81,22,8
81,23,8
81,24,8
81,25,5
81,26,8
81,27,6
81,27,8
81,28,6
81,28,7
81,28,8
81,29,4
81,30,8
81,31,8
81,32,4
81,33,8
81,34,6
81,34,8
81,35,2
81,36,4
81,37,7
81,37,8
81,38,8
81,39,5
81,39,7
81,40,8
81,41,3
81,41,5
81,41,6
81,41,7
81,41,8
81,42,3
81,42,9
81,43,6
81,43,8
81,44,4
81,45,5
81,46,7
81,46,8
81,47,3
81,47,4
81,47,8
81,48,4
81,48,7
81,49,2
81,50,3
81,50,4
81,50,5
81,50,7
81,51,8
81,52,8
81,53,4
81,54,8
81,55,8
81,56,8
81,57,8
81,58,3
81,58,4
81,58,8
81,59,7
81,60,0
81,60,2
81,60,6
81,60,8
81,61,4
81,61,5
81,61,6
81,62,8
81,63,8
81,64,4
81,65,2
81,65,7
81,66,8
81,67,5
81,68,4
81,69,2
81,69,7
81,70,5
81,71,3
81,72,2
81,72,7
81,73,5
81,74,2
81,74,7
81,75,8
81,76,5
81,77,5
81,78,4
81,79,3
81,80,5
81,81,3
81,81,6
81,82,4
81,83,4
81,84,4
81,85,4
81,86,3
81,86,4
81,86,8
81,87,7
81,88,5
81,89,8
81,90,4
81,90,5
81,91,7
81,91,8
81,92,8
81,93,8
81,94,7
81,95,5
81,96,8
81,97,4
81,98,8
81,99,2
81,100,7
81,100,8
81,101,3
81,102,2
81,102,7
81,103,7
81,104,8
81,105,4
81,105,7
81,106,4
81,106,7
81,107,4
81,108,7
81,108,8
81,109,7
81,110,7
81,110,8
81,111,2
81,112,5
81,113,6
81,113,8
81,114,3
81,114,4
81,114,5
81,115,7
81,116,8
81,117,6
81,118,7
81,119,7
81,120,8
81,121,8
81,122,4
81,123,4
81,123,5
81,124,8
81,125,2
81,125,4
81,126,2
81,127,8
81,128,8
81,129,8
81,130,5
81,131,3
81,131,5
81,131,8
81,132,8
81,133,3
81,134,5
81,135,4
81,135,6
81,136,5
81,137,6
81,137,8
81,138,2
81,139,4
81,140,8
81,141,7
81,142,2
81,143,2
81,143,3
81,144,3
81,144,6
81,145,2
81,146,4
81,147,2
81,148,8
81,149,5
81,150,4
81,151,5
81,151,7
81,152,7
81,152,8
81,153,8
81,154,2
81,155,3
81,156,8
81,157,8
81,158,2
81,158,3
81,158,8
81,159,5
81,160,5
81,161,2
81,161,3
81,161,8
81,162,8
81,163,2
81,164,7
81,164,8
87,0,8
87,1,4
87,1,7
87,2,7
87,3,4
87,3,7
87,4,5
87,5,5
87,5,7
87,6,4
87,6,7
87,7,4
87,8,8
87,9,7
87,10,5
87,10,7
87,11,4
87,11,7
87,12,7
87,13,7
87,13,8
87,14,7
87,14,8
87,15,5
87,15,7
87,16,2
87,16,3
87,16,4
87,17,7
87,17,8
87,18,7
87,19,5
87,19,7
87,20,7
87,21,4
87,21,5
87,22,4
87,23,7
87,24,7
87,25,8
87,26,7
87,27,7
87,28,4
87,28,5
87,29,7
87,30,4
87,30,7
87,31,7
87,32,7
87,33,5
87,33,7
87,34,7
87,35,7
87,35,8
87,36,4
87,36,7
87,37,5
87,37,7
87,38,7
87,39,7
87,40,4
87,41,3
87,42,7
87,42,8
87,43,2
87,44,8
87,45,4
87,46,4
87,46,5
87,47,5
87,48,4
87,49,7
87,49,8
87,50,4
87,50,7
87,51,7
87,52,3
87,52,7
87,53,7
87,54,4
87,54,7
87,55,4
87,55,7
87,56,4
87,56,7
87,57,4
87,58,4
87,59,4
87,59,7
87,60,7
87,61,7
87,62,5
87,62,7
87,63,7
87,64,4
87,64,5
87,65,4
87,65,7
87,66,7
87,67,4
87,67,7
87,68,7
87,68,8
87,69,7
87,70,4
87,70,7
87,71,7
87,72,7
87,73,4
87,73,7
87,74,7
87,75,4
87,76,4
87,77,4
87,78,7
87,79,7
87,79,8
87,80,7
87,80,8
87,81,7
87,82,8
87,83,7
87,84,7
87,85,7
87,86,4
87,86,7
87,87,4
87,87,7
87,87,9
87,88,4
87,89,4
87,90,3
87,91,4
87,92,5
87,93,8
87,94,8
87,95,7
87,96,8
87,97,7
87,98,7
87,98,8
87,99,5
87,100,4
87,100,5
87,100,7
87,101,8
87,102,7
87,102,8
87,103,5
87,103,7
87,104,4
87,105,4
87,106,4
87,106,7
87,107,7
87,108,4
87,109,7
87,110,7
87,111,4
87,111,7
87,112,4
87,113,4
87,114,4
87,115,7
87,116,7
87,117,4
87,117,7
89,0,2
89,0,3
89,0,4
89,1,5
89,2,5
89,2,7
89,3,5
89,3,7
89,4,8
89,5,7
89,6,7
89,7,4
89,7,5
89,7,7
89,8,5
89,8,7
89,9,4
89,10,2
89,11,3
89,12,7
89,12,8
89,13,7
89,14,5
89,15,4
89,16,5
89,17,7
89,17,8
89,18,7
89,19,4
89,19,7
89,20,7
89,21,7
89,22,8
89,23,5
89,23,7
89,24,7
89,25,7
89,26,5
89,27,3
89,27,4
89,27,5
89,27,7
89,28,3
89,29,7
89,29,8
89,30,7
89,30,8
89,31,8
89,32,7
89,33,5
89,34,2
89,34,3
89,34,4
89,35,3
89,35,4
89,35,5
89,36,8
89,37,7
89,37,8
89,38,3
89,38,7
89,39,8
89,40,4
89,41,3
89,42,7
89,42,8
89,43,7
89,44,8
89,45,8
89,46,5
89,46,7
89,47,7
89,48,8
89,49,8
89,50,7
89,51,7
89,51,8
89,52,7
89,53,8
89,54,7
89,54,8
89,55,5
89,56,4
89,57,4
89,58,4
89,59,5
89,60,5
89,61,8
89,62,7
89,63,4
89,64,8
89,65,8
89,66,5
89,66,7
89,67,7
89,68,0
89,68,4
89,68,5
89,68,8
89,69,3
89,70,2
89,71,5
89,72,4
89,72,7
89,73,8
89,74,5
89,75,8
89,76,4
89,76,5
89,77,0
89,77,4
89,77,5
89,77,6
89,77,8
89,78,4
89,79,4
89,80,7
89,80,8
89,81,5
89,82,7
89,83,7
89,83,8
89,84,7
89,85,2
89,85,3
89,85,4
89,86,5
89,87,8
89,88,8
89,89,8
89,90,5
89,90,7
89,91,5
89,92,7
89,92,8
89,93,4
89,93,7
89,94,8
89,95,3
89,95,4
89,95,5
89,95,6
89,96,7
89,97,4
89,97,5
89,97,7
89,98,8
89,99,5
89,99,7
89,100,7
89,100,8
89,101,7
89,102,5
89,102,7
89,103,5
89,104,8
89,105,7
89,106,0
89,106,4
89,106,5
89,106,8
89,107,5
89,108,8
89,109,8
89,110,2
89,111,8
89,112,7
89,113,8
89,114,5
89,114,7
89,115,7
89,115,8
89,116,5
89,116,7
89,117,8
89,118,8
89,119,7
89,119,8
89,120,7
89,121,2
89,121,7
89,122,2
89,123,8
89,124,8
89,125,7
89,126,4
89,127,4
89,127,7
89,128,3
89,128,4
89,128,7
89,128,8
89,129,5
89,130,7
89,130,8
89,131,7
89,131,8
89,132,7
89,133,7
89,134,4
89,135,0
89,135,8
89,136,8
89,137,7
89,137,8
89,138,7
93,0,8
93,1,8
93,2,8
93,3,2
93,3,6
93,4,2
93,5,4
93,6,8
93,7,8
93,8,8
93,9,4
93,10,2
93,10,4
93,11,2
93,12,8
93,13,8
93,13,9
93,14,8
93,15,7
93,15,8
93,16,2
93,16,3
93,16,8
93,17,2
93,18,8
93,19,8
93,20,8
93,21,8
93,22,8
93,23,8
93,24,8
93,25,8
93,26,4
93,27,4
93,28,2
93,29,4
93,30,4
93,31,2
93,32,4
93,33,8
93,34,8
93,34,9
93,35,4
93,36,8
93,37,8
93,38,8
93,39,8
93,40,8
93,41,2
93,42,4
93,43,4
93,44,8
93,45,8
93,46,2
93,47,8
93,48,7
93,48,8
93,49,7
93,50,8
93,51,8
93,52,8
93,53,2
93,54,4
93,55,8
93,56,2
93,57,4
93,58,4
93,59,3
93,59,4
93,59,8
93,59,9
93,60,4
93,61,2
93,62,2
93,63,3
93,64,8
93,65,8
93,66,8
93,67,8
93,68,8
93,69,8
93,70,8
93,71,2
93,72,4
93,73,4
93,74,4
93,75,8
93,76,8
93,77,8
93,78,8
93,79,7
93,80,8
93,81,8
93,82,8
93,83,8
93,84,4
93,85,8
93,86,8
93,87,8
93,88,8
93,89,3
93,89,4
93,89,5
93,89,8
93,89,9
93,90,8
93,91,8
93,92,3
96,0,2
96,1,7
96,2,5
96,3,8
96,4,8
96,5,8
96,6,4
96,7,4
96,8,4
96,9,7
96,10,5
96,11,3
96,11,4
96,11,8
96,12,8
96,13,8
96,14,2
96,14,7
96,15,8
96,16,4
96,16,7
96,17,7
96,17,8
96,18,8
96,19,8
96,20,8
96,21,8
96,22,8
96,23,4
96,24,8
96,25,8
96,26,8
96,27,4
96,28,4
96,29,4
96,30,3
96,31,7
96,31,8
96,32,8
96,33,4
96,34,4
96,35,8
96,36,4
96,36,5
96,37,4
96,38,4
96,39,8
96,40,5
96,41,2
96,41,3
96,41,4
96,41,7
96,41,9
96,42,3
96,42,7
96,43,5
96,44,8
96,45,5
96,46,5
96,47,5
96,48,2
96,48,4
96,49,7
96,49,8
96,50,8
96,51,2
96,52,8
96,53,7
96,53,8
96,54,8
96,55,8
96,56,8
96,57,5
96,58,5
96,59,8
96,60,2
96,61,4
96,62,4
96,63,7
96,64,8
96,65,4
96,66,8
96,67,7
96,68,8
96,69,7
96,70,7
96,71,8
96,72,7
96,73,8
96,74,4
96,75,8
96,76,5
96,77,3
96,77,5
96,77,8
96,77,9
96,78,2
96,78,3
96,78,4
96,79,8
96,80,8
96,81,3
96,81,4
96,81,8
96,81,9
96,82,7
96,82,8
96,83,2
96,84,8
96,85,7
96,85,8
96,86,8
96,86,9
96,87,8
96,88,8
96,89,5
96,89,7
96,90,8
96,91,7
96,91,8
96,92,4
96,93,7
96,94,7
96,94,8
97,0,8
97,1,4
97,2,4
97,3,2
97,4,8
97,5,8
97,6,3
97,6,4
97,6,7
97,6,8
97,7,3
97,8,4
97,8,6
97,9,2
97,10,8
97,11,8
97,12,3
97,13,4
97,14,2
97,15,4
97,16,4
97,17,4
97,18,4
97,19,4
97,20,2
97,20,4
97,21,2
97,22,2
97,22,3
97,23,2
97,24,6
97,25,4
97,26,2
97,27,8
97,28,3
97,28,4
97,29,2
97,30,2
97,31,8
97,32,6
97,32,8
97,33,3
97,34,5
97,35,2
97,35,3
97,35,4
97,36,6
97,37,2
97,38,8
97,39,7
97,39,9
97,40,8
97,41,2
97,41,5
97,41,8
97,42,2
97,42,3
97,42,4
97,42,7
97,43,3
97,43,4
97,43,8
97,44,2
97,44,3
97,44,4
97,44,7
97,45,2
97,45,3
97,45,4
97,45,5
97,46,8
97,47,8
97,48,2
97,48,4
97,48,8
97,49,4
97,50,3
97,50,4
97,50,8
97,51,4
97,52,2
97,52,4
97,53,3
97,54,4
97,55,2
97,56,6
97,57,2
97,57,3
97,57,4
97,57,8
97,58,8
97,59,2
97,59,3
97,60,2
97,61,3
97,62,4
97,63,8
97,64,4
97,65,3
97,65,4
97,65,8
97,66,4
97,67,2
97,67,3
97,67,4
97,68,8
97,69,8
97,70,3
97,70,4
97,70,8
97,71,8
97,72,8
97,73,2
97,74,3
97,75,8
97,76,8
97,77,6
97,78,2
97,79,2
97,80,2
97,81,2
97,82,8
97,83,8
97,84,8
97,85,8
97,86,8
97,87,8
97,88,4
97,89,9
97,90,3
97,91,4
97,92,4
97,93,3
97,94,4
97,94,6
97,95,8
97,96,8
97,97,3
97,98,4
97,99,2
97,99,3
97,99,4
97,100,4
97,101,3
97,102,8
97,103,8
97,104,8
97,105,2
97,106,2
97,106,3
97,107,3
97,108,2
97,109,4
97,110,8
97,111,4
97,111,6
97,112,2
97,112,3
97,113,3
97,114,3
97,114,4
97,114,6
97,114,8
97,115,4
97,116,3
97,117,8
97,118,3
97,118,4
97,118,8
97,119,8
97,120,8
97,121,2
97,121,4
97,122,2
97,122,7
97,123,8
97,124,3
97,125,3
97,126,2
97,127,2
97,127,3
97,128,3
97,128,6
97,129,4
97,130,2
97,131,8
97,132,2
97,133,3
97,134,3
97,135,3
97,136,2
97,137,6
97,138,3
97,138,4
97,138,8
97,139,2
97,140,2
97,141,8
97,142,8
97,143,8
97,144,7
97,144,8
97,145,3
97,146,4
97,147,4
97,148,2
97,149,8
97,150,8
97,151,3
97,152,3
97,153,4
97,154,8
97,155,2
97,156,8
97,157,3
97,158,3
97,158,4
97,159,2
97,160,2
97,160,3
97,160,4
97,161,3
97,162,4
97,163,2
97,164,4
97,165,2
97,166,3
97,167,4
97,168,3
97,168,4
97,168,8
97,169,8
97,170,4
97,171,4
97,172,2
97,173,2
97,174,2
97,175,3
97,175,4
97,176,3
97,176,4
97,176,7
97,176,8
97,177,3
97,177,4
97,177,8
97,178,3
97,179,5
97,180,2
97,181,8
97,182,2
97,183,2
97,183,3
97,183,4
97,184,8
97,185,8
97,186,2
97,186,3
97,186,4
97,187,2
97,188,8
97,189,6
97,190,2
97,190,3
97,190,8
97,190,9
97,191,8
97,192,3
97,192,4
97,192,5
97,192,6
98,0,8
98,1,7
98,2,7
98,2,8
98,3,3
98,3,4
98,4,3
98,5,4
98,6,3
98,7,3
98,8,5
98,9,3
98,9,6
98,10,3
98,11,7
98,11,8
98,12,7
98,13,3
98,13,4
98,14,3
98,15,8
98,16,8
98,17,8
98,18,3
98,19,8
98,20,8
98,21,7
98,21,8
98,22,7
98,23,8
98,24,7
98,25,3
98,26,7
98,27,8
98,28,3
98,29,3
98,29,4
98,29,6
98,30,3
98,30,4
98,31,8
98,32,8
98,33,3
98,34,3
98,35,3
98,35,7
98,36,7
98,36,8
98,37,3
98,37,7
98,38,8
98,39,7
98,40,4
98,40,7
98,41,7
98,41,8
98,42,6
98,43,3
98,43,5
98,44,8
98,45,4
98,46,4
98,47,3
98,48,4
98,49,3
98,49,4
98,49,5
98,49,7
98,50,8
98,51,4
98,51,7
98,52,7
98,52,8
98,53,3
98,54,8
98,55,8
98,56,8
98,57,8
98,58,8
98,59,5
98,60,8
98,61,7
98,61,8
98,62,4
98,63,8
98,64,3
98,64,4
98,65,3
98,65,4
98,65,8
98,66,8
98,67,7
98,67,8
98,68,2
98,68,3
98,68,6
98,68,7
98,69,3
98,69,7
98,70,7
98,70,8
98,71,7
98,72,7
98,73,8
98,74,7
98,74,8
98,75,4
98,76,3
98,77,4
98,78,3
98,78,4
98,79,3
98,79,4
98,79,6
98,79,8
98,80,8
98,81,8
98,82,8
98,83,2
98,83,7
98,84,8
98,85,8
98,86,7
98,87,7
98,88,7
98,89,7
98,90,7
98,91,4
98,92,8
98,93,5
98,94,4
98,95,4
98,96,3
98,97,8
98,98,4
98,99,8
98,100,8
98,101,8
98,102,8
98,103,8
98,104,8
98,105,8
98,106,3
98,107,8
98,108,8
98,109,3
98,110,4
98,111,8
98,112,3
98,112,4
98,113,8
98,114,4
98,115,8
98,116,7
98,116,8
98,117,3
98,118,4
98,119,4
98,120,8
98,121,7
98,121,8
98,122,4
98,122,7
98,123,5
98,124,8
98,125,5
98,125,7
98,126,7
98,127,4
99,0,8
99,1,8
99,2,4
99,2,7
99,3,7
99,3,8
99,4,7
99,4,8
99,5,8
99,6,7
99,6,8
99,7,7
99,8,7
99,9,8
99,10,7
99,11,7
99,11,8
99,12,7
99,12,8
99,13,8
99,14,8
99,15,7
99,16,5
99,17,7
99,18,7
99,19,7
99,20,7
99,21,7
99,21,8
99,22,8
99,23,8
99,24,7
99,24,8
99,25,8
99,26,8
99,27,8
99,28,2
99,29,8
99,30,0
99,30,2
99,30,3
99,30,4
99,30,6
99,31,8
99,32,8
99,33,7
99,33,8
99,34,7
99,34,8
99,35,7
99,35,8
99,36,8
99,37,7
99,37,8
99,38,8
99,39,8
99,40,8
99,41,4
99,42,3
99,42,4
99,42,5
99,42,7
99,42,8
99,43,8
99,44,2
99,45,5
99,45,8
99,46,8
99,47,7
99,47,8
99,48,3
99,49,7
99,49,8
99,50,8
99,51,3
99,51,4
99,51,8
99,52,8
99,53,8
99,54,8
99,55,8
99,56,2
99,56,3
99,56,8
99,57,7
99,58,3
99,58,4
99,58,5
99,58,7
99,59,7
99,59,8
99,60,7
99,60,8
99,61,7
99,61,8
99,62,8
99,63,3
99,63,5
99,63,7
99,63,8
99,63,9
99,64,3
99,65,2
99,65,4
99,65,8
99,66,7
99,67,8
99,68,8
99,69,5
99,70,8
99,71,5
99,72,8
99,73,8
99,74,7
99,75,8
99,76,3
99,77,7
99,77,8
99,78,7
99,78,8
99,79,3
99,80,8
99,81,8
99,82,8
99,83,2
99,84,5
99,85,8
99,86,8
99,87,8
99,88,8
99,89,7
99,89,8
99,90,8
99,91,7
99,92,3
99,93,8
99,94,7
99,95,5
99,96,7
99,97,5
99,97,7
99,98,8
99,99,7
99,99,8
99,100,3
99,101,8
99,102,7
99,102,8
99,102,9
99,103,8
99,104,7
99,104,8
99,105,5
99,105,7
99,106,8
99,107,3
99,108,7
99,108,8
99,109,5
99,109,7
99,110,5
99,111,5
99,112,4
99,113,4
99,114,3
99,115,4
99,116,7
99,116,8
99,117,8
99,118,4
99,119,8
99,120,8
99,121,6
99,121,8
99,122,7
99,122,8
99,123,4
99,123,7
99,124,7
99,125,7
99,126,8
99,127,7
99,127,8
99,128,8
99,129,8
99,130,3
99,130,4
99,130,8
99,131,5
99,132,8
99,133,4
99,134,8
99,135,8
99,136,7
99,137,3
99,137,7
99,138,8
99,139,8
99,140,8
99,140,9
99,141,8
99,142,8
99,143,8
99,144,8
99,145,8
99,146,7
99,146,8
99,147,8
99,148,8
99,149,5
99,150,7
99,151,7
99,152,8
99,153,8
99,154,8
99,155,8
99,156,7
99,156,8
99,157,7
99,158,3
99,158,5
99,158,8
99,158,9
99,159,5
99,160,8
99,161,8
99,162,8
99,163,2
99,163,3
99,163,8
99,164,3
99,164,4
99,165,5
99,165,7
99,166,2
99,166,9
99,167,7
99,167,8
99,168,7
99,169,5
99,170,8
99,171,8
99,172,5
99,173,5
99,174,8
99,175,8
99,176,7
99,176,8
99,177,8
99,178,5
99,178,7
99,179,5
99,180,8
99,181,8
99,182,8
99,183,6
99,183,8
99,184,7
99,185,7
107,0,8
107,1,8
107,2,8
107,3,7
107,4,2
107,4,3
107,4,7
107,4,8
107,5,3
107,5,5
107,6,3
107,6,4
107,6,8
107,7,8
107,8,8
107,9,8
107,10,3
107,11,3
107,12,8
107,13,8
107,14,3
107,15,4
107,16,8
107,17,8
107,17,9
107,18,4
107,19,8
107,20,8
107,21,8
107,22,2
107,22,3
107,23,8
107,24,8
107,25,8
107,26,8
107,27,8
107,28,8
107,29,8
107,30,8
107,31,8
107,32,3
107,32,4
107,32,5
107,32,8
107,33,5
107,34,8
107,35,8
107,36,7
107,36,8
107,37,8
107,38,8
107,39,4
107,40,2
107,40,4
107,40,5
107,41,5
107,42,8
107,43,2
107,44,2
107,44,3
107,44,8
107,45,8
107,46,8
107,47,3
107,48,8
107,49,8
107,50,2
107,50,3
107,50,8
107,51,7
107,51,8
107,52,7
107,52,8
107,53,8
107,54,8
107,55,7
107,55,8
107,56,8
107,57,2
107,57,3
107,57,8
107,58,8
107,59,8
107,60,7
107,61,7
107,61,8
107,62,8
107,63,8
107,64,7
107,64,8
107,65,7
107,65,8
107,66,8
107,67,5
107,68,8
107,69,8
107,70,8
107,71,8
107,72,8
107,73,7
107,73,8
107,74,8
107,75,3
107,76,8
107,77,8
107,78,8
107,79,4
107,80,8
107,81,7
107,82,7
107,82,8
107,83,3
107,84,8
107,85,8
107,86,2
107,87,8
107,88,5
107,88,8
107,89,8
107,89,9
107,90,2
107,90,3
107,90,8
107,91,5
107,92,5
107,93,8
107,94,8
107,95,8
107,96,8
109,0,2
109,1,5
109,2,3
109,3,4
109,4,8
109,5,8
109,6,2
109,6,7
109,7,2
109,7,4
109,8,7
109,9,8
109,10,8
109,11,2
109,11,4
109,12,2
109,12,3
109,12,8
109,13,8
109,14,7
109,15,7
109,16,8
109,17,8
109,18,7
109,19,2
109,20,8
109,21,2
109,22,8
109,23,8
109,24,7
109,25,4
109,26,3
109,27,2
109,27,3
109,28,7
109,28,8
109,29,3
109,30,8
109,31,7
109,31,8
109,32,7
109,33,7
109,34,7
109,34,8
109,34,9
109,35,3
109,36,4
109,37,3
109,38,4
109,39,5
109,40,7
109,40,8
109,41,8
109,42,3
109,43,4
109,44,8
109,44,9
109,45,8
109,46,4
109,47,2
109,48,8
109,49,7
109,50,7
109,50,8
109,51,8
109,52,8
109,53,7
109,53,8
109,54,2
109,55,7
109,56,7
109,57,8
109,58,3
109,58,4
109,58,8
109,59,3
109,59,5
109,59,8
109,60,8
109,61,8
109,62,8
109,63,8
109,64,3
109,64,4
109,64,8
109,65,4
109,66,7
109,67,7
109,68,4
109,69,8
109,70,8
109,71,8
109,72,4
109,73,7
109,74,4
109,75,2
109,76,8
109,77,8
109,78,8
109,79,7
109,80,2
109,81,8
109,82,8
109,83,4
109,84,3
111,0,7
111,0,8
111,1,8
111,2,8
111,3,5
111,4,8
111,4,9
111,5,5
111,6,3
111,7,8
111,8,5
111,9,8
111,10,6
111,10,8
111,11,5
111,12,5
111,13,8
111,14,8
111,15,8
111,16,8
111,17,8
111,18,5
111,19,8
111,20,5
111,21,3
111,22,2
111,23,3
111,23,5
111,24,8
111,25,7
111,25,8
111,26,7
111,26,8
111,27,8
111,28,8
111,28,9
111,29,8
111,30,8
111,31,8
111,32,2
111,33,5
111,34,8
111,35,3
111,35,5
111,35,8
111,36,8
111,37,8
111,38,8
111,39,8
111,40,8
111,41,8
111,42,3
111,42,5
111,42,8
111,43,5
111,44,7
111,44,8
111,45,8
111,46,7
111,47,7
111,47,8
111,48,8
111,49,8
111,50,8
111,51,8
111,52,7
111,52,8
111,53,7
111,53,8
111,54,8
111,55,8
111,56,5
111,57,8
111,58,8
111,59,8
111,60,7
111,61,8
111,62,3
111,62,4
111,63,5
111,64,8
111,65,3
111,66,8
111,67,2
111,68,8
111,69,8
111,70,3
111,70,4
111,70,5
111,70,9
111,71,5
111,72,8
111,73,5
111,73,7
111,74,2
111,74,7
111,75,7
111,75,8
111,76,5
111,77,8
111,78,5
111,79,2
111,79,4
111,79,8
111,80,8
111,81,8
111,82,2
111,83,7
111,83,8
111,84,8
111,85,8
111,86,5
111,87,7
111,87,8
111,88,7
111,89,7
111,90,5
111,90,7
111,91,7
111,92,8
111,93,5
111,93,7
111,94,8
111,95,8
111,96,8
111,97,8
111,98,5
111,99,8
111,100,7
111,101,3
111,102,7
111,102,8
111,103,7
111,104,8
111,105,8
111,106,8
111,107,7
111,107,8
111,108,7
111,109,8
111,110,7
111,110,8
111,111,7
111,111,8
111,112,8
111,113,8
111,114,8
111,115,8
111,116,8
111,117,8
111,118,8
111,119,8
111,120,2
111,120,5
111,120,6
111,120,8
111,121,7
111,121,8
111,122,8
111,123,8
111,124,5
111,125,8
111,126,8
111,127,8
111,128,7
111,129,8
111,130,8
111,131,5
111,132,5
111,133,5
111,133,7
111,134,7
111,135,8
111,136,3
111,137,8
111,138,8
111,139,7
111,139,8
111,140,8
111,141,4
111,142,7
111,142,8
111,143,7
111,144,8
111,145,8
111,146,8
111,147,3
111,148,8
111,149,8
111,150,4
111,151,8
111,152,2
111,153,5
111,154,8
111,155,8
111,156,8
111,157,4
111,158,7
111,158,8
111,159,5
111,160,8
111,161,8
111,162,8
111,163,8
111,164,7
111,164,8
118,0,8
118,1,8
118,2,8
118,3,2
118,4,8
118,5,8
118,6,8
118,7,8
118,8,3
118,9,8
118,10,8
118,11,2
118,12,4
118,13,8
118,14,8
118,15,8
118,16,8
118,17,8
118,18,5
118,19,2
118,19,3
118,19,4
118,20,8
118,21,2
118,22,7
118,22,8
118,23,8
118,24,8
118,25,8
118,26,8
118,26,9
118,27,4
118,28,8
118,29,8
118,30,3
118,31,8
118,32,2
118,32,3
118,32,8
118,33,3
118,33,4
118,33,8
118,34,8
118,35,2
118,36,8
118,37,7
118,37,8
118,38,8
118,39,8
118,40,2
118,40,4
118,41,8
118,42,8
118,43,8
118,44,8
118,45,7
118,46,2
118,47,7
118,48,2
118,49,8
118,50,7
118,50,8
118,51,8
118,52,7
118,52,8
118,53,2
118,54,8
118,55,7
118,56,3
118,57,2
118,58,2
118,59,8
118,60,8
118,61,8
118,62,8
118,63,8
118,64,2
118,65,8
118,66,2
118,67,8
118,68,8
118,69,8
118,70,7
118,70,8
118,71,8
118,72,8
118,73,2
118,74,7
118,74,8
118,75,8
118,76,5
118,77,2
118,77,3
118,77,7
118,77,8
118,77,9
118,78,8
118,79,8
118,79,9
118,80,4
118,81,8
118,82,2
118,82,3
118,82,4
118,82,9
118,83,8
118,84,8
118,85,8
118,86,7
118,87,2
118,88,4
118,89,8
118,90,8
118,91,7
118,91,8
118,92,8
118,93,8
118,94,3
118,95,6
118,96,2
118,96,3
118,96,4
118,96,6
118,97,2
118,97,3
118,97,4
118,97,6
118,98,6
118,99,3
118,99,4
118,99,8
118,100,8
118,101,8
118,102,8
118,103,2
118,103,7
118,104,3
118,104,7
118,105,8
118,106,8
118,107,8
118,108,8
118,109,8
118,110,8
118,111,2
118,111,4
118,112,8
121,0,3
121,1,8
121,2,7
121,3,8
121,4,8
121,5,8
121,6,7
121,6,8
121,7,8
121,8,5
121,9,8
121,10,8
121,11,8
121,12,8
121,13,2
121,13,3
121,13,8
121,14,3
121,14,5
121,14,8
121,15,2
121,15,4
121,15,8
121,15,9
121,16,8
121,17,8
121,18,8
121,19,2
121,20,8
121,21,7
121,22,7
121,23,7
121,24,2
121,25,8
121,26,3
121,27,7
121,27,8
121,28,5
121,29,3
121,30,3
121,31,8
121,32,3
121,33,8
121,34,4
121,35,5
121,35,7
121,36,7
121,37,8
121,38,7
121,38,8
121,39,2
121,39,3
121,39,4
121,40,8
121,41,7
121,41,8
121,42,5
121,43,5
121,43,7
121,44,2
121,45,3
121,46,7
121,46,8
121,47,2
121,48,7
121,49,8
121,50,8
121,51,8
121,52,8
121,52,9
121,53,7
121,53,8
121,54,8
121,55,8
121,56,8
121,57,4
121,58,3
121,59,3
121,60,7
121,60,8
121,61,4
121,62,7
121,63,5
121,63,7
121,64,7
121,64,8
121,65,8
121,66,3
121,66,7
121,67,7
121,68,7
121,68,8
121,69,8
121,70,2
121,70,8
121,71,8
121,72,8
121,73,3
121,73,4
121,73,8
121,74,8
121,75,7
121,75,8
121,76,8
121,77,8
121,78,5
121,79,8
121,80,2
121,80,5
121,81,7
121,81,8
121,82,5
121,83,2
121,83,3
121,83,8
121,84,3
121,85,3
121,85,4
121,85,5
121,85,6
121,86,7
121,86,8
121,87,7
121,87,8
121,88,5
121,89,5
121,89,7
121,90,5
121,91,7
121,91,8
121,92,2
121,92,5
121,92,8
121,92,9
121,93,8
121,94,7
121,94,8
121,95,5
121,96,8
121,97,0
121,98,2
121,98,3
121,98,6
121,98,8
121,98,9
121,99,8
121,100,3
121,101,7
121,102,5
121,103,8
121,104,8
121,105,8
121,106,2
121,107,7
121,108,2
121,109,2
121,110,8
121,111,8
121,112,3
121,113,3
121,114,2
121,115,5
121,115,7
121,116,8
121,117,8
121,118,8
121,119,8
121,120,8
121,121,2
121,122,7
121,122,8
121,123,3
121,124,5
121,125,3
121,125,7
121,126,3
121,127,8
121,128,5
121,128,7
121,129,5
121,129,7
121,130,4
121,130,5
121,130,8
121,130,9
121,131,5
121,132,8
121,133,8
121,134,5
121,135,8
121,136,3
121,137,3
121,137,4
121,137,5
121,138,3
121,139,8
121,140,2
121,140,3
121,140,4
121,141,7
121,141,8
121,142,8
132,0,7
132,1,7
132,2,3
132,2,7
132,3,8
132,4,3
132,5,3
132,6,8
132,7,5
132,8,3
132,8,4
132,8,5
132,9,8
132,10,7
132,11,3
132,11,4
132,12,7
132,13,7
132,13,8
132,14,3
132,15,3
132,15,7
132,16,7
132,17,7
132,17,8
132,18,3
132,19,8
132,20,7
132,20,8
132,20,9
132,21,7
132,22,8
132,23,2
132,24,3
132,25,4
132,25,5
132,25,7
132,26,7
132,27,5
132,28,5
132,29,8
132,30,8
132,31,8
132,32,8
132,33,4
132,34,2
132,34,3
132,34,7
132,34,8
132,35,7
132,36,7
132,37,7
132,38,7
132,39,5
132,40,5
132,41,3
132,41,5
132,42,7
132,43,7
132,44,5
132,45,2
132,45,4
132,45,5
132,46,5
132,47,5
132,48,4
132,49,8
132,50,8
132,51,8
132,52,7
132,53,5
132,53,7
132,54,5
132,55,5
132,56,3
132,57,5
132,58,2
132,59,8
132,60,8
132,61,8
132,62,5
132,63,4
132,64,7
132,65,7
132,66,7
132,66,8
132,67,6
132,67,8
132,68,2
132,69,5
132,70,6
132,70,7
132,70,8
132,71,7
132,72,7
132,72,8
132,73,8
132,74,8
132,75,8
132,76,2
132,77,8
132,78,7
132,78,8
132,78,9
132,79,3
132,79,5
132,79,7
132,80,8
132,81,7
132,81,8
132,82,7
132,82,8
132,83,7
132,83,8
132,84,7
132,85,5
132,85,7
132,86,7
132,87,8
132,88,5
132,88,7
132,89,7
132,90,2
132,91,5
132,92,7
132,92,8
132,93,7
132,94,7
132,94,8
132,95,8
132,96,8
132,97,8
132,98,4
132,99,3
147,0,7
147,1,7
147,1,8
147,2,2
147,2,3
147,2,4
147,2,5
147,2,6
147,3,8
147,4,7
147,5,2
147,6,2
147,7,2
147,8,7
147,9,4
147,10,5
147,11,4
147,12,2
147,13,4
147,14,3
147,14,7
147,15,7
147,15,8
147,16,8
147,17,2
147,18,7
147,18,8
147,19,8
147,19,9
147,20,3
147,20,4
147,21,4
147,22,8
147,23,7
147,24,7
147,25,7
147,26,3
147,26,4
147,26,8
147,26,9
147,27,3
147,28,7
147,29,5
147,29,7
147,30,2
147,30,3
147,30,8
147,31,8
147,32,8
147,33,5
147,33,7
147,34,5
147,35,0
147,35,3
147,35,5
147,35,6
147,35,9
147,36,8
147,37,3
147,38,0
147,38,2
147,38,3
147,38,8
147,39,8
147,40,8
147,41,8
147,42,3
147,42,4
147,43,4
147,43,7
147,44,7
147,45,8
147,46,4
147,47,7
147,48,5
147,48,7
147,49,5
147,50,3
147,51,2
147,52,7
147,53,2
147,53,3
147,53,8
147,54,7
147,55,2
147,56,5
147,56,7
147,57,7
147,57,8
147,58,8
147,59,8
147,60,3
147,60,7
147,61,8
147,62,8
147,63,7
147,64,8
147,65,8
147,66,8
147,67,7
147,68,7
147,69,4
147,69,7
147,70,7
147,70,8
147,71,7
147,71,8
147,72,8
147,73,8
147,74,8
147,75,5
147,75,7
147,76,4
147,76,7
147,77,4
147,78,6
147,79,4
147,80,4
147,80,7
147,81,8
147,82,8
147,83,2
147,84,3
147,84,7
147,85,8
147,86,8
147,87,4
147,88,8
147,89,7
147,90,7
147,90,8
147,91,4
147,92,4
147,93,7
147,94,7
147,95,5
147,95,7
147,96,7
147,97,3
147,97,4
147,98,7
147,99,8
147,100,5
147,100,7
147,101,7
147,102,8
147,103,3
147,104,8
147,105,8
147,106,2
147,107,8
173,0,8
173,1,5
173,1,7
173,2,2
173,3,8
173,4,2
173,4,5
173,5,3
173,6,8
173,7,8
173,8,8
173,9,8
173,10,5
173,11,3
173,11,4
173,11,5
173,12,3
173,13,3
173,14,7
173,14,8
173,15,8
173,16,7
173,17,8
173,18,3
173,18,7
173,19,7
173,19,8
173,20,8
173,21,5
173,22,7
173,23,5
173,24,7
173,25,3
173,26,3
173,27,8
173,28,8
173,29,8
173,29,9
173,30,2
173,31,5
173,32,3
173,33,3
173,34,8
173,35,3
173,36,8
173,37,7
173,37,8
173,38,8
173,39,7
173,39,8
173,40,3
173,40,4
173,41,3
173,41,4
173,42,2
173,43,7
173,43,8
173,43,9
173,44,8
173,45,8
173,46,2
173,46,3
173,46,8
173,47,7
173,48,5
173,48,7
173,49,7
173,49,8
173,50,3
173,51,5
173,51,7
173,52,5
173,53,5
173,54,8
173,55,3
173,56,3
173,57,7
173,57,8
173,58,5
173,59,8
173,60,8
173,61,8
173,62,8
173,63,5
173,63,7
173,64,4
173,64,5
173,65,4
173,66,3
173,66,4
173,67,7
173,67,8
173,68,8
173,68,9
173,69,8
173,70,8
173,71,8
173,72,8
173,73,2
173,73,7
173,74,2
173,75,3
173,76,8
173,77,5
173,77,7
173,78,5
173,78,7
178,0,2
178,1,8
178,2,8
178,3,8
178,4,7
178,4,8
178,4,9
178,5,8
178,6,7
178,6,8
178,7,8
178,8,7
178,9,8
178,10,8
178,11,8
178,12,2
178,13,4
178,14,8
178,15,9
178,16,7
178,16,8
178,17,8
178,18,7
178,19,8
178,20,7
178,20,8
178,21,2
178,22,8
178,23,8
178,24,8
178,25,7
178,25,8
178,26,7
178,26,8
178,27,7
178,28,7
178,29,4
178,29,5
178,29,8
178,29,9
178,30,8
178,31,8
178,32,3
178,32,6
178,33,6
178,33,8
178,34,8
178,35,8
178,36,7
178,36,8
178,37,8
178,38,4
178,39,3
178,39,7
178,40,7
178,41,2
178,42,7
178,43,7
178,44,7
178,45,2
178,46,2
178,46,7
178,47,2
178,48,4
178,49,7
178,50,2
178,50,4
178,51,8
178,52,8
178,53,7
178,54,3
178,55,7
178,56,8
178,57,8
178,58,8
178,59,2
178,59,5
178,59,7
178,59,8
178,60,7
178,61,7
178,62,8
178,63,4
178,63,5
178,63,6
178,63,8
178,64,8
178,65,8
178,66,2
178,67,7
178,67,8
178,68,8
178,69,5
178,70,5
178,71,5
178,71,7
178,72,7
178,72,8
178,73,8
178,74,5
178,74,7
178,75,8
178,76,8
178,77,7
178,78,7
178,78,8
178,79,2
178,80,8
178,81,8
178,81,9
178,82,2
178,83,4
178,84,7
178,84,8
178,85,7
178,85,8
178,86,8
178,87,8
178,88,2
178,89,8
178,90,5
178,91,8
178,92,3
178,93,4
178,94,4
178,95,4
178,96,0
178,96,4
178,96,6
178,96,8
178,97,8
178,98,2
178,99,2
178,100,7
178,100,8
178,101,8
178,102,8
178,103,8
178,104,8
178,105,7
178,106,8
178,107,8
178,108,8
178,109,4
178,110,4
178,111,2
178,111,7
178,112,8
178,113,8
178,114,2
178,115,7
178,116,8
178,117,8
178,118,8
178,119,7
178,120,8
178,121,7
178,121,8
178,122,8
178,123,7
178,124,8
178,125,2
178,125,3
178,125,8
178,125,9
178,126,7
178,127,8
178,128,8
178,129,7
178,129,8
178,130,8
178,131,8
178,132,4
178,133,4
178,134,2
178,134,4
178,135,4
178,136,4
178,137,8
178,138,2
178,139,8
178,140,8
178,141,8
178,142,2
178,143,8
178,144,8
178,145,7
178,145,8
178,146,8
178,147,7
178,147,8
178,148,8
178,149,8
178,150,2
178,151,7
178,152,8
178,153,3
178,154,7
178,154,8
178,155,2
178,156,3
178,157,8
178,158,8
178,159,4
178,160,2
178,161,8
178,162,8
178,163,8
178,164,2
178,164,7
178,165,8
178,166,7
178,166,8
178,167,8
178,168,9
178,169,7
178,170,3
178,170,5
178,170,8
179,0,7
179,1,8
179,1,9
179,2,8
179,3,7
179,4,8
179,5,8
179,6,8
179,7,8
179,8,7
179,8,8
179,9,7
179,9,8
179,10,8
179,11,2
179,11,3
179,11,8
179,12,2
179,12,3
179,12,5
179,12,9
179,13,7
179,14,8
179,15,8
179,16,3
179,17,8
179,18,8
179,19,7
179,20,4
179,21,8
179,22,7
179,22,8
179,23,3
179,24,8
179,25,7
179,26,8
179,27,8
179,28,7
179,29,5
179,30,8
179,31,3
179,31,4
179,31,8
179,32,7
179,33,8
179,34,7
179,34,8
179,35,7
179,35,8
179,36,3
179,37,8
179,38,8
179,38,9
179,39,2
179,40,4
179,41,8
179,42,3
179,42,7
179,43,8
179,44,8
179,45,8
179,46,5
179,47,5
179,48,3
179,49,8
179,50,7
179,50,8
179,51,7
179,51,8
179,52,8
179,53,8
179,54,7
179,55,7
179,55,8
179,56,3
179,57,8
179,58,4
179,59,2
179,59,7
179,59,9
179,60,7
179,61,8
179,62,7
179,62,8
179,63,5
179,63,7
179,64,8
179,65,3
179,66,5
179,67,8
179,68,8
179,69,5
179,70,2
179,70,5
179,70,8
179,71,4
179,71,7
179,72,8
179,73,4
179,74,8
179,75,3
179,76,8
179,77,8
179,78,8
179,79,8
179,80,4
179,80,7
179,81,7
179,81,8
179,82,8
179,83,5
179,84,6
179,84,8
179,85,8
179,86,8
179,87,3
193,0,4
193,1,8
193,2,2
193,3,7
193,3,8
193,4,7
193,5,7
193,6,7
193,7,5
193,7,7
193,8,7
193,9,6
193,10,6
193,11,2
193,12,8
193,13,4
193,14,4
193,15,0
193,15,4
193,15,8
193,16,4
193,17,7
193,17,8
193,18,3
193,18,4
193,18,7
193,19,2
193,20,2
193,20,4
193,21,7
193,22,4
193,23,2
193,23,4
193,23,8
193,24,4
193,25,2
193,25,3
193,25,4
193,25,6
193,25,7
193,26,4
193,27,4
193,28,4
193,29,2
193,30,3
193,30,4
193,31,4
193,32,7
193,33,4
193,34,4
193,35,4
193,36,4
193,37,7
193,38,8
193,39,5
193,40,4
193,41,4
193,42,7
193,43,4
193,43,7
193,44,4
193,45,4
193,46,4
193,47,5
193,48,4
193,49,3
193,50,4
193,51,4
193,52,4
193,53,4
193,54,2
193,55,8
193,56,8
193,57,8
193,58,8
193,59,2
193,60,3
193,61,4
193,62,3
193,62,4
193,63,2
193,64,4
193,65,7
193,66,3
193,66,4
193,67,7
193,68,4
193,68,7
193,69,3
193,69,4
193,70,7
193,71,4
193,72,3
193,72,4
193,72,5
193,72,8
193,73,4
193,74,4
193,75,5
193,75,7
193,76,4
193,76,7
193,77,2
193,78,4
193,79,4
193,79,7
193,80,4
193,81,8
193,82,0
193,82,3
193,82,4
193,82,6
193,82,8
193,83,2
193,84,4
193,85,2
193,86,6
193,86,7
193,87,3
193,88,8
193,89,7
193,90,8
193,91,4
193,92,4
193,93,4
193,94,4
193,95,4
193,96,4
193,97,3
193,98,4
193,99,8
193,100,2
193,101,2
193,102,2
193,103,4
193,104,4
193,105,4
193,106,7
193,106,8
193,107,4
193,108,2
193,108,3
193,108,6
193,108,7
193,108,8
193,109,4
193,110,7
193,111,2
193,111,3
193,111,4
193,111,5
193,111,7
193,112,8
193,113,4
193,114,8
193,115,8
193,116,7
193,117,7
193,118,4
193,119,4
193,120,4
193,121,3
193,121,8
218,0,8
218,1,8
218,2,8
218,3,5
218,4,3
218,4,4
218,4,7
218,5,8
218,6,7
218,7,3
218,8,7
218,9,7
218,9,8
218,10,4
218,10,7
218,11,5
218,12,5
218,13,8
218,14,7
218,15,8
218,16,5
218,17,8
218,18,7
218,19,8
218,20,8
218,21,3
218,21,4
218,21,5
218,21,9
218,22,2
218,22,5
218,22,7
218,23,7
218,23,8
218,24,8
218,25,8
218,26,8
218,27,8
218,28,7
218,28,8
218,29,7
218,30,8
218,31,7
218,31,8
218,31,9
218,32,8
218,33,8
218,34,8
218,35,8
218,36,7
218,36,8
218,37,8
218,38,8
218,38,9
218,39,7
218,39,8
218,40,5
218,40,7
218,41,8
218,42,3
218,43,5
218,44,7
218,45,8
218,46,5
218,47,3
218,48,2
218,48,3
218,48,7
218,48,8
218,48,9
218,49,3
218,49,4
218,49,8
218,50,7
218,50,8
218,51,7
218,51,8
218,52,3
218,52,7
218,53,3
218,53,4
218,54,7
218,54,8
218,55,7
218,56,4
218,56,7
218,57,8
218,58,8
218,59,2
218,60,8
218,61,7
218,61,8
218,62,8
218,63,2
218,63,7
218,64,8
218,65,7
218,65,8
218,66,2
218,66,7
218,67,8
218,68,8
218,69,8
218,70,7
218,70,8
218,71,7
218,72,7
218,72,8
218,73,7
218,74,7
218,75,3
218,76,3
218,76,4
218,76,5
218,77,3
218,77,4
218,78,8
218,79,7
218,80,3
218,80,7
218,81,3
218,81,7
218,82,5
218,83,2
218,83,3
218,83,8
218,83,9
218,84,8
218,85,7
218,86,7
218,86,8
218,87,7
218,87,8
219,0,8
219,1,8
219,2,8
219,3,7
219,4,7
219,4,8
219,5,8
219,6,2
219,6,3
219,6,8
219,7,4
219,7,7
219,8,7
219,9,2
219,9,4
219,10,3
219,11,7
219,11,8
219,12,8
219,13,8
219,14,7
219,15,8
219,16,7
219,16,8
219,17,8
219,18,8
219,19,8
219,20,7
219,21,8
219,22,8
219,23,2
219,23,3
219,23,8
219,24,8
219,25,8
219,26,8
219,27,8
219,28,3
219,29,3
219,29,4
219,30,3
219,30,7
219,31,3
219,31,4
219,31,8
219,32,3
219,32,4
219,32,8
219,32,9
219,33,3
219,33,4
219,33,8
219,34,8
219,35,7
219,36,8
219,37,7
219,37,8
219,38,7
219,39,8
219,40,8
219,41,8
219,42,8
219,43,8
219,44,7
219,45,7
219,46,2
219,46,4
219,47,2
219,47,3
219,47,8
219,48,5
219,49,8
219,50,5
219,51,8
219,52,8
219,53,8
219,54,7
219,54,8
219,55,4
219,55,7
219,56,8
219,57,4
219,58,5
219,58,7
219,59,8
219,60,3
219,61,3
219,62,8
219,63,8
219,64,8
219,65,8
219,66,7
219,66,8
219,67,8
219,68,8
219,69,8
219,69,9
219,70,4
219,71,7
219,71,8
219,72,4
219,73,8
219,74,8
219,74,9
219,75,8
219,76,8
219,77,8
219,78,3
219,79,8
219,80,8
219,81,8
219,82,2
219,82,4
219,82,7
219,82,8
219,83,2
219,84,3
219,85,7
219,86,7
219,87,8
219,88,4
219,89,8
219,90,7
219,90,8
219,91,7
219,92,8
219,93,4
219,93,5
219,94,8
219,95,8
219,96,7
219,97,8
219,98,8
219,99,8
219,100,7
219,100,8
219,101,7
219,102,8
219,103,3
219,103,5
219,103,8
219,104,8
219,105,8
219,106,2
219,106,7
219,106,9
219,107,7
219,108,8
219,109,8
219,110,8
219,111,8
219,112,7
219,112,8
219,113,7
219,114,3
219,115,2
219,115,3
219,116,8
219,117,8
219,118,7
219,118,8
219,119,8
219,120,8
219,121,2
219,121,4
219,121,8
219,122,8
219,123,5
219,124,8
219,125,8
230,0,8
230,1,5
230,2,3
230,3,5
230,4,7
230,5,8
230,6,7
230,6,8
230,7,7
230,7,8
230,8,8
230,9,4
230,10,3
230,11,8
230,12,8
230,13,5
230,14,8
230,15,7
230,16,8
230,17,8
230,18,8
230,19,8
230,20,3
230,21,3
230,21,4
230,21,5
230,21,7
230,22,7
230,22,8
230,23,4
230,24,8
230,25,0
230,25,4
230,25,5
230,25,6
230,25,8
230,26,8
230,27,4
230,28,8
230,29,7
230,30,8
230,31,8
230,32,8
230,32,9
230,33,8
230,34,8
230,35,8
230,36,3
230,37,2
230,37,3
230,37,4
230,37,8
230,38,8
230,39,8
230,40,3
230,41,8
230,42,8
230,43,8
230,44,5
230,45,4
230,46,7
230,47,7
230,48,8
230,49,3
230,50,8
230,51,8
230,52,3
230,53,8
230,54,8
230,55,8
230,56,8
230,57,8
230,58,5
230,59,8
230,60,8
230,61,3
230,62,3
230,62,4
230,62,8
230,63,3
230,64,4
230,65,8
230,66,4
230,67,8
230,68,8
230,69,7
230,70,7
230,71,3
230,72,4
230,73,8
230,74,8
230,75,3
230,75,4
230,75,8
230,76,2
230,76,4
230,76,5
230,77,8
230,78,3
230,79,3
230,80,4
230,81,3
230,82,3
230,83,7
230,84,4
230,84,5
230,84,7
230,84,8
230,85,8
230,86,8
230,87,5
230,88,5
230,89,8
230,90,4
230,91,8
230,92,8
230,93,8
230,94,8
230,95,8
230,96,8
230,97,8
230,98,7
230,98,8
230,99,7
230,99,8
230,100,3
230,100,4
230,100,5
230,100,7
230,101,7
230,101,8
230,102,8
230,103,8
230,104,5
230,105,5
230,106,8
230,107,3
230,108,2
230,108,4
230,108,7
230,108,8
230,109,3
230,109,4
230,110,5
230,111,4
230,112,2
230,112,4
230,112,6
230,112,8
230,113,7
230,114,4
230,115,5
230,116,8
230,116,9
230,117,7
230,117,8
230,117,9
230,118,8
230,119,7
230,119,8
230,120,7
230,121,8
230,122,3
230,123,8
230,124,7
230,124,8
230,125,8
230,126,7
230,127,3
230,128,5
230,129,5
230,130,8
230,131,2
230,132,3
230,133,8
230,134,8
230,135,2
230,136,2
230,136,3
230,136,8
230,137,8
230,138,8
230,139,2
230,140,7
230,140,8
230,141,8
230,142,5
230,143,8
230,144,5
230,145,4
230,146,8
230,147,8
230,148,3
230,149,8
230,150,8
230,151,8
230,152,4
230,153,2
230,153,3
230,153,8
230,154,7
230,154,8
230,155,8
230,156,3
230,156,4
230,156,6
230,157,3
230,157,4
230,157,5
230,157,7
230,158,7
230,159,8
230,160,8
230,161,5
230,162,8
230,163,7
230,164,8
230,165,8
230,166,8
230,167,8
230,168,8
230,169,5
230,170,8
230,171,3
230,172,8
230,173,8
230,174,5
230,175,8
230,176,8
230,177,6
230,177,7
985,0,2
985,0,3
985,0,4
985,0,9
985,1,8
985,2,2
985,2,3
985,2,5
985,2,7
985,3,8
985,4,5
985,5,3
985,6,5
985,7,8
985,8,8
985,9,4
985,10,8
985,11,8
985,12,2
985,13,2
985,14,8
985,15,4
985,16,3
985,17,3
985,17,4
985,17,8
985,18,8
985,19,6
985,20,2
985,20,3
985,21,8
985,22,8
985,23,8
985,24,2
985,25,2
985,25,3
985,25,6
985,25,8
985,26,8
985,27,8
985,28,8
985,29,2
985,29,3
985,29,4
985,29,5
985,29,6
985,29,7
985,30,5
985,31,4
985,32,8
985,33,4
985,34,3
985,35,0
985,35,2
985,35,3
985,35,4
985,35,7
985,36,3
985,37,3
985,37,7
985,38,3
985,38,4
985,38,7
985,38,8
985,39,8
985,40,3
985,41,3
985,41,4
985,42,8
985,43,8
985,44,3
985,45,8
985,46,8
985,47,2
985,47,3
985,47,4
985,47,6
985,47,9
985,48,8
985,49,3
985,49,6
985,50,3
985,50,4
985,50,8
985,51,2
985,52,2
985,52,3
985,52,7
985,52,8
985,53,2
985,54,2
985,54,3
985,55,8
985,56,8
985,57,8
985,58,8
985,59,3
985,60,6
985,61,8
985,62,3
985,63,8
985,64,8
985,65,8
985,66,8
985,67,8
985,68,7
985,69,5
985,70,8
985,71,5
985,72,8
985,73,5
985,74,8
985,75,2
985,76,0
985,76,3
985,76,4
985,76,6
985,77,3
985,77,5
985,78,5
985,79,3
985,79,5
985,79,6
985,79,8
985,80,8
985,81,8
985,82,8
985,83,8
985,84,4
985,85,5
985,86,3
985,87,8
985,88,3
985,89,2
985,90,8
985,91,8
985,92,8
985,93,2
985,94,8
985,95,8
985,96,8
985,97,4
985,97,6
985,98,8
985,99,2
985,100,3
985,100,4
985,100,5
985,100,7
985,100,9
985,101,5
985,102,4
985,102,7
985,103,5
985,103,6
985,104,8
985,105,3
985,105,4
985,106,8
985,107,3
985,107,4
985,107,6
985,107,8
985,108,4
985,109,5
985,110,8
985,111,8
985,112,8
985,113,3
985,113,4
985,113,8
985,114,8
985,115,8
985,116,8
985,117,4
985,118,8
985,119,5
985,120,6
985,121,8
985,122,8
985,123,8
985,124,8
985,125,8
985,126,8
985,127,5
985,128,8
985,129,0
985,129,4
985,129,6
985,130,4
985,130,6
985,131,8
985,132,7
985,132,8
985,133,8
985,134,8
985,135,4
985,136,6
985,137,8
985,138,8
985,139,3
985,140,8
985,141,8
985,142,4
985,143,3
985,143,4
985,143,8
985,144,0
985,144,4
985,144,6
985,144,8
985,145,5
985,146,8
985,147,3
985,148,4
985,149,8
985,150,3
985,150,4
985,150,5
985,151,5
985,152,4
985,153,3
985,154,3
985,155,3
985,155,4
985,155,8
985,156,8
985,157,4
985,157,6
985,158,4
985,159,8
985,160,3
985,161,8
985,162,8
985,163,8
985,164,5
985,165,5
985,166,8
985,167,3
985,168,8
985,169,8
985,170,5
985,171,5
985,172,5
985,173,5
985,174,2
985,175,2
985,175,3
985,175,6
985,175,8
985,176,2
985,177,8
985,178,8
985,179,5
985,180,5
985,181,8
985,182,4
985,183,7
985,184,8
985,185,3
985,186,3
985,186,7
985,187,8
985,188,8
985,189,3
985,190,3
985,190,4
985,191,8
985,192,3
985,193,3
985,193,4
985,194,4
985,195,7
985,195,8
